report_id,file_name,file_size_kb,upload_time,uploader
rep_1,report_1.csv,50.0,2025-11-01 08:00:00,system_bot
rep_2,report_2.csv,52.5,2025-11-01 09:00:00,admin_user
rep_3,report_3.csv,55.0,2025-11-01 10:00:00,report_scheduler
rep_4,report_4.csv,57.5,2025-11-01 11:00:00,system_bot
rep_5,report_5.csv,60.0,2025-11-01 12:00:00,admin_user
rep_6,report_6.csv,62.5,2025-11-01 13:00:00,report_scheduler
rep_7,report_7.csv,65.0,2025-11-01 14:00:00,system_bot
rep_8,report_8.csv,67.5,2025-11-01 15:00:00,admin_user
rep_9,report_9.csv,70.0,2025-11-01 16:00:00,report_scheduler
rep_10,report_10.csv,72.5,2025-11-01 17:00:00,system_bot
rep_11,report_11.csv,75.0,2025-11-01 18:00:00,admin_user
rep_12,report_12.csv,77.5,2025-11-01 19:00:00,report_scheduler
rep_13,report_13.csv,80.0,2025-11-01 20:00:00,system_bot
rep_14,report_14.csv,82.5,2025-11-01 21:00:00,admin_user
rep_15,report_15.csv,85.0,2025-11-01 22:00:00,report_scheduler
rep_16,report_16.csv,87.5,2025-11-01 23:00:00,system_bot
rep_17,report_17.csv,90.0,2025-11-02 00:00:00,admin_user
rep_18,report_18.csv,92.5,2025-11-02 01:00:00,report_scheduler
rep_19,report_19.csv,95.0,2025-11-02 02:00:00,system_bot
rep_20,report_20.csv,97.5,2025-11-02 03:00:00,admin_user
rep_21,report_21.csv,100.0,2025-11-02 04:00:00,report_scheduler
rep_22,report_22.csv,102.5,2025-11-02 05:00:00,system_bot
rep_23,report_23.csv,105.0,2025-11-02 06:00:00,admin_user
rep_24,report_24.csv,107.5,2025-11-02 07:00:00,report_scheduler
rep_25,report_25.csv,110.0,2025-11-02 08:00:00,system_bot
rep_26,report_26.csv,112.5,2025-11-02 09:00:00,admin_user
rep_27,report_27.csv,115.0,2025-11-02 10:00:00,report_scheduler
rep_28,report_28.csv,117.5,2025-11-02 11:00:00,system_bot
rep_29,report_29.csv,120.0,2025-11-02 12:00:00,admin_user
rep_30,report_30.csv,122.5,2025-11-02 13:00:00,report_scheduler
rep_31,report_31.csv,125.0,2025-11-02 14:00:00,system_bot
rep_32,report_32.csv,127.5,2025-11-02 15:00:00,admin_user
rep_33,report_33.csv,130.0,2025-11-02 16:00:00,report_scheduler
rep_34,report_34.csv,132.5,2025-11-02 17:00:00,system_bot
rep_35,report_35.csv,135.0,2025-11-02 18:00:00,admin_user
rep_36,report_36.csv,137.5,2025-11-02 19:00:00,report_scheduler
rep_37,report_37.csv,140.0,2025-11-02 20:00:00,system_bot
rep_38,report_38.csv,142.5,2025-11-02 21:00:00,admin_user
rep_39,report_39.csv,145.0,2025-11-02 22:00:00,report_scheduler
rep_40,report_40.csv,147.5,2025-11-02 23:00:00,system_bot
rep_41,report_41.csv,150.0,2025-11-03 00:00:00,admin_user
rep_42,report_42.csv,152.5,2025-11-03 01:00:00,report_scheduler
rep_43,report_43.csv,155.0,2025-11-03 02:00:00,system_bot
rep_44,report_44.csv,157.5,2025-11-03 03:00:00,admin_user
rep_45,report_45.csv,160.0,2025-11-03 04:00:00,report_scheduler
rep_46,report_46.csv,162.5,2025-11-03 05:00:00,system_bot
rep_47,report_47.csv,165.0,2025-11-03 06:00:00,admin_user
rep_48,report_48.csv,167.5,2025-11-03 07:00:00,report_scheduler
rep_49,report_49.csv,170.0,2025-11-03 08:00:00,system_bot
rep_50,report_50.csv,172.5,2025-11-03 09:00:00,admin_user
